time,disp_xs,e_x1,e_x2,e_x3,mises1,mises2,mises3,sig_x1,sig_x2,sig_x3
0,0,0,0,0,0,0,0,0,0,0
0.1,-0.00031834637668237,-5.3925871849444e-08,6.9097620119759e-07,-1.3192404162912e-05,1.2945872121105e-05,0.00021643489759519,0.0034839066398493,-1.3081573206029e-05,0.00012527057685161,-0.0023963089250453
0.2,-0.0014231541632079,-9.3301868442428e-07,6.4485498124062e-06,-4.7367048630844e-05,0.00021748580497549,0.0016399772830326,0.011675639098575,-0.00022908080232816,0.0011182571196418,-0.0081987264531803
0.3,-0.0036888353826904,-5.7329834436257e-06,2.368411065566e-05,-9.4367710387928e-05,0.0019239103859927,0.006257878626816,0.023848076501106,-0.0014163127615313,0.0039640854703112,-0.01597890187264
0.4,-0.0073744752732453,-1.7628238611532e-05,4.9427434843906e-05,-0.0001526360299861,0.0074497929553058,0.014844359063377,0.039574511679521,-0.0043739726181343,0.0080390370560609,-0.025557640769829
0.5,-0.012689849888772,-2.9460623467536e-05,7.5265210805439e-05,-0.0002202263454556,0.015142216449793,0.02477060975759,0.058515564017921,-0.0073412407967912,0.012034947847205,-0.036564702418301
0.6,-0.01979733090144,-2.2865907708187e-05,0.00010039645611683,-0.00029566713260522,0.017050432982623,0.034285133366418,0.079895177053487,-0.0057570129375913,0.015950308966871,-0.048827311746575
0.7,-0.028810390149486,1.0958711798819e-05,0.00011990822228858,-0.00037578395193592,0.010796371768864,0.042326617006326,0.10302491673883,0.0025630756770602,0.018940142905564,-0.061798499671198
0.8,-0.0398606203394,6.6621026924465e-05,0.0001274585774395,-0.00045627647573181,0.012789102098237,0.047156863455081,0.12623113269071,0.016256861962568,0.019966734909473,-0.074838181310793
0.9,-0.053192877835337,0.00014381715079286,0.00012865565054002,-0.00053809961958904,0.030696831182195,0.051340107591107,0.15019270061228,0.035253452832962,0.019881563433815,-0.088050819755625
1,-0.069191358562088,0.00024304220040348,0.00012828004114055,-0.00063042230879373,0.057446303281088,0.056381934640691,0.17746713006798,0.059690596333161,0.01946309189487,-0.10291633286831
1.1,-0.088176809275362,0.00035711206575638,0.00012984704960665,-0.00074294000691192,0.088215386029439,0.062232858599916,0.21140375513806,0.087772241469077,0.019363626929109,-0.12094435733322
1.2,-0.11025796545775,0.0004822276349747,0.00013720999890309,-0.00087489386572692,0.1216859964888,0.071878230487487,0.25156721981271,0.11856603333295,0.02007106985074,-0.14202981062684
1.3,-0.13538550233534,0.00061655006221199,0.00014997043409548,-0.0010231253015189,0.15703266779317,0.08511665217476,0.29735074779461,0.1516155600077,0.021528765903819,-0.16564389871346
1.4,-0.16346152007492,0.00076280362009908,0.00016472129576926,-0.001188154321257,0.19441371142592,0.10018881246728,0.34855839319839,0.18758282614981,0.023237045901654,-0.19189927369736
1.5,-0.19425686873896,0.00093041947156601,0.0001777172777022,-0.0013669595441126,0.23863266272591,0.11584833122273,0.40443377823615,0.22882562979688,0.024601576747985,-0.22031117112315
1.6,-0.22746717526728,0.0011210264873067,0.00018740153020409,-0.0015517914822352,0.28968276721826,0.13107346661668,0.46234743233736,0.27573752202695,0.025414780173846,-0.24965901480854
1.7,-0.26282857173705,0.0013321634122969,0.00018898273107577,-0.0017404112855796,0.34641453924295,0.14552890729375,0.52170847919817,0.32770486419576,0.024844619618498,-0.2795889003832
1.8,-0.30015841409873,0.0015626343772744,0.00018471767098243,-0.0019328395117914,0.40911789370067,0.1594311861044,0.58232429780088,0.38444271501355,0.023287927831825,-0.31011357503052
1.9,-0.33930930947301,0.0018086786382546,0.00017971467397713,-0.0021314790040659,0.47619999246038,0.17383879940158,0.64517598674536,0.44501646673648,0.021584088158328,-0.34159778994389
2,-0.38013646423561,0.0020640195964369,0.00017474570475992,-0.0023409730782162,0.54619738564952,0.18893027760973,0.71150802751625,0.50788454091487,0.019856586569068,-0.37479349688743
2.1,-0.42173400650724,0.0023212774555548,0.0001724157910114,-0.0025338307643934,0.61572671795552,0.20627426897373,0.77746590770105,0.57120918436964,0.018470042696727,-0.4047231156051
2.2,-0.4628323969722,0.0025800940500255,0.00016426932771239,-0.0026917271229018,0.68515262507525,0.22495648407259,0.83406850318759,0.63490944544386,0.01599746200489,-0.42893072524465
2.3,-0.50230396019457,0.0028470578060634,0.00013577283305026,-0.002831210629026,0.75750389216226,0.23967997975943,0.8839880694629,0.70062607558732,0.010213541168351,-0.45032546572281
2.4,-0.53917553695757,0.0031294503227556,9.0423097521362e-05,-0.0029501034191109,0.83674265319907,0.24601502738858,0.92781404114722,0.77018208132374,0.002007440200383,-0.46843041293101
2.5,-0.57254686294387,0.0034146873808492,4.2965255348634e-05,-0.0030463590039853,0.92103133589878,0.2489488905114,0.9635771855849,0.84050261213426,-0.006331378266498,-0.48304423865387
2.6,-0.60169483435108,0.0036633772674029,-6.9473181173417e-06,-0.0031205285131713,0.99326980237486,0.25318070759406,0.99264480708345,0.90179359874049,-0.015143518911983,-0.4941517451672
2.7,-0.62606371381646,0.0038560958256642,-4.934069254822e-05,-0.0031774047720664,1.0463568452105,0.25754573749818,1.0154636398004,0.9492465316185,-0.022639581244934,-0.50258814268524
2.8,-0.64514967325486,0.0040009269697587,-6.8189133846083e-05,-0.003227249922782,1.0872703055256,0.26476407725196,1.0363099474114,0.98492343011649,-0.026259231484057,-0.50991140668934
2.9,-0.65824366114423,0.004092088765985,-7.3301074496664e-05,-0.0032690071675334,1.1130627196473,0.27024104360406,1.0535428964558,1.0073803520875,-0.027434575093724,-0.51603817511575
3,-0.66437121599092,0.0041239138881873,-7.2452630174576e-05,-0.0032845839978567,1.1200527638318,0.27341984581419,1.0624945717571,1.015189974767,-0.027461268351142,-0.51805274932066
3.1,-0.66267545897011,0.0041092540040892,-7.1148651444357e-05,-0.0032545334903036,1.1151799845687,0.27633670781551,1.055923182789,1.0115678606555,-0.027408586231915,-0.51292624689077
3.2,-0.65271942591016,0.0040555193794777,-7.8273125118055e-05,-0.0031785721940264,1.1005915216595,0.27207002988605,1.034657545206,0.99833986973679,-0.028386750248397,-0.50058709974801
3.3,-0.63438142613939,0.0039673925007672,-9.5019254549397e-05,-0.0030613865516703,1.0776753257005,0.26115475505265,0.99887993664336,0.97666093869841,-0.030636130073228,-0.48183660239507
3.4,-0.60765839711053,0.0038413013444372,-0.00011569717960487,-0.0028980276193005,1.047488998598,0.24587794734423,0.94826445708179,0.94568147370066,-0.033305221619103,-0.45584076592954
3.5,-0.57288867059112,0.0036586141376168,-0.00013480156885822,-0.0026925131813298,0.99966154815539,0.22783010945833,0.88335295856269,0.90073577003155,-0.035539702333312,-0.42323248074257
3.6,-0.53066993810575,0.0034165724183333,-0.00014881434843387,-0.0024620661314451,0.93471205940063,0.20864742079176,0.81019787255312,0.84116378499346,-0.036843010353616,-0.38675290850407
3.7,-0.48157531128361,0.0031192831105599,-0.00014714281941721,-0.0022107765201917,0.85497040727155,0.18793068120174,0.72963359240928,0.76799430412481,-0.035396163486594,-0.3470191614207
3.8,-0.42609437530839,0.002766839062125,-0.00013249900976735,-0.0019413769490584,0.75834768174789,0.16624185832264,0.64324898786784,0.68121946828588,-0.031704774004532,-0.30446484738869
3.9,-0.36467679789926,0.0023657028104314,-0.00011431534369448,-0.0016510646521772,0.64831587265646,0.14324264983105,0.54930335864691,0.58245477507916,-0.027345051881205,-0.25866206926222
4,-0.2977770933715,0.0019285556795158,-9.3154445225848e-05,-0.0013311028769187,0.52702834933843,0.1186181321153,0.44601830219336,0.47480371521738,-0.022391267788305,-0.20819699691361
4.1,-0.22611199134284,0.0014726195461295,-7.6975017560053e-05,-0.00098537639608628,0.40277253665199,0.090618133468193,0.33385904892948,0.36255881329165,-0.01808637925374,-0.1537021400819
4.2,-0.15051910098563,0.0010040064887971,-6.8787675339151e-05,-0.0006183673676625,0.27581880790128,0.059381582882495,0.21479053835582,0.24720430528509,-0.014933002354502,-0.095891717113639
4.3,-0.071948453702523,0.00052509119179371,-6.5184715044713e-05,-0.00022914906445973,0.14622511272595,0.027876812367241,0.08890318463781,0.12931595684835,-0.012423626852543,-0.034582942286008
4.4,0.008452626674535,3.7500231510168e-05,-6.3475673692316e-05,0.00017148165647927,0.016293656937585,0.020189162615874,0.045328940291693,0.0093099082807499,-0.010212131340094,0.028514274981095
4.5,0.08943609889855,-0.00046057156696305,-5.9214204132929e-05,0.00057041811254668,0.12023541523039,0.049018745445791,0.17329741370939,-0.113305278739,-0.0075871980701676,0.091333346076771
4.6,0.16987889269694,-0.00096206989226139,-4.8121092844309e-05,0.00096078275376768,0.25602932057582,0.081361693024954,0.30003730846436,-0.2367545899948,-0.0038187994741125,0.15281321438442
4.7,0.24877329915247,-0.0014627163546439,-2.9700911150676e-05,0.0013373981601607,0.39247548452559,0.11099439493772,0.42251400182148,-0.36000674395596,0.0010070610606311,0.21212547652914
4.8,0.32527982078754,-0.001956935037484,-9.4581026205149e-06,0.0017005961719063,0.52839023799679,0.14025033887086,0.54054877639074,-0.48169491253526,0.0061070459865595,0.26934535329659
4.9,0.39862220322652,-0.0024298405625467,9.8052388261601e-06,0.0020502863262082,0.65814321645292,0.16779604073086,0.65400521522463,-0.59813051342067,0.010928146732412,0.32444983250777
5,0.46808394379463,-0.0028701577085274,2.5013310970439e-05,0.0023855605542366,0.77835761800334,0.19474334390845,0.76274004661648,-0.70653334788512,0.015015851565441,0.37730671020996
5.1,0.53296389366234,-0.0032723190775442,3.1612820376462e-05,0.002705763721232,0.88742057626864,0.22233837771531,0.86620274165662,-0.80553166988174,0.017670742047451,0.42780798550779
5.2,0.59258288076857,-0.003632632915709,3.1259978936519e-05,0.0030073057847896,0.98475380680987,0.24782966777517,0.96355709876427,-0.89422259899883,0.019012090442623,0.47540492965808
5.3,0.64627159450851,-0.0039507827031094,2.7238344144875e-05,0.0032863650730868,1.0698370904105,0.27215622128835,1.0531132491703,-0.97252226326059,0.019669556111244,0.51947978531543
5.4,0.6934159810539,-0.0042284288682203,2.1041181745018e-05,0.0035347386411229,1.1445672610415,0.29343938346242,1.1325465234288,-1.0408605127038,0.019778601101636,0.55878026786385
5.5,0.73356546322078,-0.0044652391375427,1.7230028264873e-05,0.0037464964739238,1.2079065382795,0.31148276930895,1.1997468371453,-1.0991418509945,0.020122920092161,0.5923074259347
5.6,0.76651841051566,-0.0046620923348201,1.5502490784712e-05,0.0039246672442112,1.2610369961111,0.32551696698084,1.2557185278945,-1.1475964314141,0.020598787394553,0.62063038204547
5.7,0.79220522058895,-0.0048173509722922,1.4397345178108e-05,0.0040661991978777,1.303413071638,0.33598393064634,1.2993680966544,-1.1858198018194,0.020986632559993,0.64317644117954
5.8,0.81077242776853,-0.0049265980054287,1.1025389253398e-05,0.0041760243098929,1.3329027701599,0.34356797281547,1.3326435817392,-1.2127106509501,0.020824987770251,0.66079661026435
5.9,0.82248096571915,-0.0049872182250559,3.5991814147651e-06,0.004258217891579,1.3491263292168,0.34924217720353,1.3562417297915,-1.2276299172744,0.019864339794336,0.67408113098422
6,0.82766509619411,-0.0049990872060341,-1.0027186813484e-05,0.0043135399660939,1.3510073408263,0.35315300676376,1.3713118457738,-1.2305316284682,0.017742198777439,0.68317778026638
6.1,0.82610262605089,-0.0049663103996785,-2.939300292381e-05,0.0043206706940326,1.34082378499,0.35609371445725,1.3751718638157,-1.2224435562512,0.014575954519006,0.68406780378596
6.2,0.8172883134934,-0.0048945292863123,-4.1147439917115e-05,0.0042622592496347,1.319354756446,0.35709068765485,1.3597989230293,-1.2047433599493,0.012614426861393,0.67447996422215
6.3,0.8009736390909,-0.0047968558214689,-3.2838839118112e-05,0.0041546998401281,1.291512606529,0.35153664566444,1.327026883845,-1.1806790581019,0.013740280465542,0.65723584947913
6.4,0.77725610308187,-0.0046876507738094,-5.8766369797278e-06,0.0040021858583203,1.2642304560788,0.33585970842178,1.2803023297636,-1.1538317051477,0.017508823003084,0.63291912954556
6.5,0.7464435493198,-0.0045575794287212,2.3038766750576e-05,0.0038109634389787,1.2345270348373,0.31428777092435,1.2197381034931,-1.1218965814965,0.021266714301007,0.6025678886197
6.6,0.70905164237706,-0.0043753955916589,5.1924295836298e-05,0.0035890325190507,1.1892215738897,0.29266504526367,1.1497698317942,-1.0771105960308,0.025018974396936,0.5673986288533
6.7,0.66576107541292,-0.0041267483255002,6.9935332354124e-05,0.0033468329754695,1.1215666693647,0.27156111164642,1.0722719324721,-1.0158989716499,0.02693047698891,0.52906136327411
6.8,0.6172736176845,-0.0038244535449772,6.2303759785578e-05,0.0031004126640474,1.039287285108,0.25298826224883,0.99387755350661,-0.94147989576244,0.024603352403026,0.49008480035874
6.9,0.56404311376049,-0.0034748280610964,3.9878914999861e-05,0.0028526438451732,0.94364674948516,0.23399254891279,0.91391491328856,-0.8554019148292,0.019725633509845,0.45093816170393
7,0.50620063186506,-0.0030821243269264,1.1169961426217e-05,0.0025896456804803,0.8339622989893,0.21388974720488,0.82948905961923,-0.75868402702195,0.013700677483419,0.40941537132138
7.1,0.44393924867242,-0.0026667919620024,-1.4310652564945e-05,0.0022948808290368,0.71879615144175,0.19385560878599,0.73400296126525,-0.65640543742536,0.0082296840172449,0.36290180277591
7.2,0.37781348508782,-0.002244964393374,-2.7435173428561e-05,0.001971276058678,0.60327995526803,0.16872187498052,0.62976064889704,-0.55254913734498,0.0045891404145682,0.31184930784555
7.3,0.30865303178942,-0.0018265469409672,-2.7522670719601e-05,0.0016274682909358,0.49005070264908,0.13747242499816,0.51789366938925,-0.44955276009438,0.0028453796280392,0.25766953989836
7.4,0.23734835362634,-0.0014125188467608,-1.9678715250699e-05,0.0012640973010667,0.38092208995025,0.10412984479864,0.40039764170107,-0.34768115505289,0.0023578674065802,0.20038890577265
7.5,0.16501830175754,-0.00098773461459325,-1.1694604622034e-05,0.00089179339671374,0.26728725750526,0.070143174041504,0.27941205490505,-0.24313727410956,0.0018519447991553,0.14172203500637
7.6,0.092858062857208,-0.00055093610379002,-7.9687274173461e-06,0.00052730994816089,0.14877219218982,0.038640083698569,0.16161167883283,-0.13561201325426,0.00075945709061867,0.084266529046828
7.7,0.021927319798378,-0.00010890372356388,-1.82541787107e-05,0.00018095319479021,0.029380146805707,0.010550598547549,0.050014277412969,-0.026805859519853,-0.0026102632281037,0.029686740591377
7.8,-0.047010265035542,0.00033553324017288,-4.0182106335646e-05,-0.00014559092375818,0.092951091405903,0.019283552244871,0.058141600632276,0.082625524150059,-0.0078005286267866,-0.021808579490418
7.9,-0.11339178865845,0.00077287299647403,-6.2834421910745e-05,-0.00045588712996915,0.21314808027669,0.043277187818036,0.15808145736352,0.19030746084053,-0.012998677647773,-0.070727275691526
8,-0.17679371513002,0.0011894455711215,-8.4752911461966e-05,-0.00075791263339987,0.32883456375628,0.066164106895832,0.25535988425064,0.29289337527182,-0.017990899040941,-0.11839040713357
8.1,-0.23669022066617,0.0015689279545989,-9.636500876583e-05,-0.0010520935535379,0.43239620061631,0.089149545426454,0.35014637143542,0.38631853777921,-0.02125559913959,-0.16481844653799
8.2,-0.29252645100057,0.0019059271398349,-9.6404267341925e-05,-0.0013331841960096,0.52289008115065,0.11313795703776,0.44059059344332,0.46926314960228,-0.022629334742889,-0.20921289855346
8.3,-0.34375572977188,0.0022021829056695,-8.7648608497417e-05,-0.0016037031386014,0.60223411220742,0.13635258300593,0.5273296762299,0.54217590476938,-0.02245041607938,-0.25194674972058
8.4,-0.3897634819335,0.0024613163895859,-7.4648124982432e-05,-0.0018545776806862,0.67000444744091,0.15839212242949,0.60734669895794,0.60592876578267,-0.02147784287086,-0.29165879020907
8.5,-0.42994971137066,0.0026900276481262,-6.3105836616272e-05,-0.0020743366109197,0.73157908690658,0.17678326858849,0.67716554069354,0.66222233276022,-0.020528089905816,-0.32643762819987
8.6,-0.46396941604669,0.0028875706225954,-5.731287513263e-05,-0.0022601376419321,0.78397130007764,0.19290176403995,0.73554224689434,0.71083339530771,-0.020438482549076,-0.35596932111801
8.7,-0.49168921834794,0.0030548209687132,-5.8383193124774e-05,-0.0024094799002581,0.8292818598602,0.20349416084233,0.78190682255317,0.75200355540199,-0.021201780995972,-0.37971513384697
8.8,-0.51325305532431,0.0031910020285198,-6.0257901338951e-05,-0.0025288168708236,0.86703595333313,0.21170305967845,0.81823681953895,0.78553922924081,-0.021976446511759,-0.39884186688364
8.9,-0.52891899278615,0.0032875797913549,-5.9838519204833e-05,-0.0026228657980408,0.89368480341021,0.21718457473128,0.84596530643275,0.80932003468392,-0.02220632847139,-0.41394626499125
9,-0.5390366058945,0.0033394599853259,-5.3483822033072e-05,-0.0026961366711524,0.90750326514545,0.22135991517277,0.86691226612168,0.82208743721553,-0.021349866430105,-0.42587389340901
9.1,-0.54397092179318,0.0033470711571198,-3.7426660900562e-05,-0.0027526331186104,0.90805211621085,0.22607853614742,0.88190119737315,0.82393840709836,-0.018871037442494,-0.435118156244
9.2,-0.54409447687847,0.0033151625568504,-1.3861598652005e-05,-0.0027932602119245,0.89773374724887,0.22938251551383,0.89185506258951,0.81605852308141,-0.015016155370181,-0.44195595218161
9.3,-0.53975573732017,0.0032503547277469,1.2969500676993e-05,-0.002817616709137,0.8775350052985,0.23194047034591,0.89595478829336,0.80006578711886,-0.0105582552569,-0.44618575809456
9.4,-0.53133415159261,0.0031621523634186,4.0574671811249e-05,-0.002821781784558,0.85171479734451,0.23282929266624,0.89368717691513,0.77832459083202,-0.0058575134371653,-0.44733198759965
9.5,-0.5193190868364,0.0030569492324402,6.3246293076604e-05,-0.0028038522109672,0.8214149815768,0.2312695471018,0.8838261483102,0.75240063660796,-0.0018668134964326,-0.44493183615688
9.6,-0.50439124539534,0.0029407167786002,8.2107608910019e-05,-0.0027696617044873,0.7885086364198,0.22755174422438,0.86890549163588,0.72376705306298,0.0015980860723442,-0.4400699341325
9.7,-0.48730404156804,0.0028174268166746,9.7336459810728e-05,-0.0027217700440034,0.75481559112539,0.2218840375103,0.84907890549499,0.69341358683364,0.004544849540238,-0.43298590205287
9.8,-0.46892053615141,0.0026855940010145,0.00011342374154716,-0.002667526798741,0.71815454890245,0.21582667894292,0.82770146289708,0.66094683715851,0.0076717588918825,-0.42497011672193
9.9,-0.45010940154526,0.0025468251976241,0.00013155646442286,-0.0026147490579997,0.67972335830895,0.21060099383937,0.80620364274755,0.62677483171439,0.011108869718577,-0.41713792946866
10,-0.43168425317397,0.0024033665857335,0.00015418735947733,-0.0025663771629483,0.63917274098457,0.20662248210757,0.78687024633926,0.59143471583895,0.015271101715154,-0.41003876341516
10.1,-0.41375653697367,0.0022617246366269,0.00018046760686023,-0.0025020416045058,0.59874220366819,0.20510564287058,0.76669968116255,0.55653668635774,0.01994109603368,-0.39974358334186
10.2,-0.39602510326848,0.0021300730898994,0.00019646054238041,-0.0024053119998933,0.56114239842351,0.2036133684209,0.73843132713931,0.52409870662153,0.022821843040431,-0.38417728471992
10.3,-0.37830347047186,0.0020220776036723,0.00018951645521243,-0.0022922123886989,0.530145540439,0.19787408177783,0.70366917894342,0.49748764754279,0.021925054752607,-0.36605989753271
10.4,-0.3606278593278,0.0019522752941957,0.00016030045075183,-0.0021664615592262,0.51382251283079,0.18281264933443,0.66588934006995,0.48034456867684,0.017671323840955,-0.34593226494746
10.5,-0.3431203798984,0.0019103041120172,0.00012613082179097,-0.0020334557152693,0.50807734900454,0.16510949029949,0.62472296497784,0.47009982226649,0.012713453851383,-0.32468024321172
10.6,-0.32599783991978,0.0018622329879402,8.8921223452727e-05,-0.0019001005715754,0.49966808991724,0.14900978111913,0.58443755067458,0.45833656116623,0.0071408779433786,-0.30335570481144
10.7,-0.30952354422009,0.0017907088046721,6.0253786977799e-05,-0.0017754279874188,0.48067441067539,0.1369240872104,0.54619451263629,0.44073596811834,0.0028404946596438,-0.28339672178353
10.8,-0.29387224153428,0.0017044874131606,5.541048106287e-05,-0.0016734242602248,0.45770245656711,0.13060031313095,0.5161785027614,0.41951748597067,0.0023516810180661,-0.26698810437886
10.9,-0.27885854911223,0.0016054065754038,6.3947353686492e-05,-0.001594273504882,0.43089443705236,0.12664460306383,0.49256089517755,0.39512792392467,0.0040494379667075,-0.25421597335225
11,-0.26388443953324,0.0014931067787241,7.7332564181024e-05,-0.0015206657725749,0.39796584687589,0.12362844181284,0.47161081249835,0.3674462863012,0.0065412995063341,-0.24228449420898
11.1,-0.24832862257099,0.0013831555382591,8.6492630181974e-05,-0.0014327696837567,0.36673512660081,0.12182764549429,0.44526181874588,0.340357875189,0.0082318404031492,-0.22813505486658
11.2,-0.23186932756736,0.0012863517257937,8.1800314810982e-05,-0.0013282794689436,0.34014716825093,0.11537689731569,0.41449683711696,0.31652341628891,0.007771721612812,-0.21131309743321
11.3,-0.21442646810134,0.001206918252728,6.3177208099912e-05,-0.0012131024585895,0.320055045583,0.10312586628328,0.37908574606955,0.29699115505639,0.0052243328050774,-0.19290408113123
11.4,-0.19594961378004,0.0011399145627984,3.5540451766974e-05,-0.0010820979059758,0.30599669037076,0.088933577538564,0.33949961310242,0.28056062709584,0.0012182875595574,-0.17192342205626
11.5,-0.1766234554072,0.0010635349645204,7.6626496065156e-06,-0.00094312848966059,0.28809376259806,0.074558902598299,0.29656579744784,0.26180014807432,-0.0027880130109877,-0.14975988818012
11.6,-0.15671544107728,0.00097054731103709,-1.5927090144513e-05,-0.0008085855429746,0.2639448650302,0.06278614541582,0.25568852523415,0.23892670210871,-0.0061867515529639,-0.1282284168554
11.7,-0.13637589093409,0.00086077201429444,-2.4567495764236e-05,-0.00068477896775481,0.23579117592703,0.052981571161295,0.21768310966998,0.21192700605765,-0.0071120313298122,-0.10846290598273
11.8,-0.11550433472927,0.00073183497938439,-2.0261574393483e-05,-0.00057037829515279,0.20002020335759,0.045236385403676,0.18317750026366,0.18017601651075,-0.0059515937829085,-0.090111426215615
11.9,-0.093835042759577,0.00058725201409794,-1.3810072376871e-05,-0.00045735070161646,0.16018374090694,0.03817964478057,0.14868834741203,0.14457467778314,-0.0044644118791515,-0.072056035727178
12,-0.071037154901946,0.00043636687983501,-6.2552730409858e-06,-0.00033488963970945,0.11727191931531,0.031265852094258,0.11149913079854,0.10740247349767,-0.0027956029091258,-0.052441472729365
12.1,-0.046951987776232,0.0002912520900671,-7.4110418278597e-06,-0.00019902308597287,0.078104160307077,0.021687546385864,0.069926374623256,0.071682881129186,-0.0024653237424997,-0.030790538273577
12.2,-0.021547076227001,0.00015355015146317,-1.8390355527703e-05,-5.2169890511387e-05,0.042120770426397,0.0097768836159144,0.025689101479746,0.037805694804887,-0.0036304770856263,-0.0073543434428617
12.3,0.005113441860335,1.8684473866436e-05,-3.6228678800846e-05,0.00010994607300382,0.0074491728721437,0.011164440902378,0.02845400334775,0.0046310081264241,-0.0058634702069134,0.018403063848243
12.4,0.032787407643198,-0.0001196791732513,-5.6390444986598e-05,0.00028050835279281,0.027943330589669,0.026189708412031,0.080454888453486,-0.029387001496877,-0.0084610133641821,0.045589334165908
12.5,0.061125404251535,-0.00027005299842747,-7.2593815840538e-05,0.0004481861348037,0.067779612722868,0.041018793854114,0.13265837085777,-0.066391843811122,-0.010433091167661,0.072197582299168
12.6,0.089921181837798,-0.00043293989417941,-8.0678273957881e-05,0.00061139823444007,0.11057960035597,0.054718262206083,0.18339877319956,-0.1064695691092,-0.011038975186892,0.098225397001649
12.7,0.11905868964763,-0.00060931259579018,-7.9101484326873e-05,0.00076690801213742,0.15838257989585,0.065310624135632,0.23186357855616,-0.14988601186412,-0.010144397667439,0.12291058357892
12.8,0.1485899668455,-0.00079817206652415,-7.4098217763099e-05,0.00092130692516523,0.21044938385609,0.075525949794341,0.27996093300517,-0.19639147259409,-0.0086783326725415,0.14754050428141
12.9,0.17856647520302,-0.00098894166614642,-6.9030223608052e-05,0.0010781166699005,0.26307473061047,0.085916642657426,0.32876673607922,-0.2433652497758,-0.007208295399511,0.17243784565639
13,0.20902640546586,-0.0011748954370968,-6.74565931148e-05,0.001240754875241,0.31352505568932,0.097491886839049,0.37970449362613,-0.28914203973404,-0.0062841559045022,0.1983511532561
13.1,0.2399181634122,-0.001352928462338,-7.3952312665665e-05,0.0014116734002349,0.36109932624418,0.11228207817074,0.43303450506028,-0.3329560462589,-0.0065867302370642,0.22547263872369
13.2,0.27109955752959,-0.0015248123880314,-8.6011400896046e-05,0.0015890758008056,0.40643372874361,0.12783136636861,0.4888652801901,-0.37524930473348,-0.0078139865325808,0.25370091953578
13.3,0.30232005098063,-0.0016929417586051,-0.000100066669854,0.001770631557433,0.45043806611711,0.14423156903285,0.54559046163443,-0.41661205716913,-0.0093424212609274,0.28250199274486
13.4,0.33327932752861,-0.0018626971684486,-0.00011342158766484,0.001948507311394,0.49509609508687,0.16027561532183,0.60154737232768,-0.45837957713624,-0.01076644392377,0.31080890267232
13.5,0.36373026986236,-0.0020357623725599,-0.00012074009620744,0.0021181298378467,0.54134339006167,0.17456985322187,0.65444809099881,-0.50097146754345,-0.011241545913268,0.33772823487733
13.6,0.39356971909605,-0.0022131264431915,-0.00012320643047242,0.0022813861427296,0.58883070949363,0.18737018328436,0.70563911151332,-0.54462336505848,-0.010952793259592,0.36373544886062
13.7,0.42273484761997,-0.0023933737546619,-0.00012136087932479,0.0024373013253873,0.63845809481075,0.198521632922,0.75397315925666,-0.58900552481467,-0.010011753632405,0.3885140313032
13.8,0.45126304298033,-0.0025696614877,-0.0001199771579076,0.0025897700459861,0.68638516541827,0.20945047941184,0.8017282741987,-0.63240314039445,-0.009162223340985,0.41281236559117
13.9,0.47918826059568,-0.0027377959646772,-0.00012075006866455,0.0027428280511601,0.73205508139605,0.22106719690036,0.84897244168148,-0.67379372851385,-0.0086503557481133,0.43716415548824
14,0.50650854666261,-0.0028946776602631,-0.00012635986301853,0.0028959930521416,0.77405616367858,0.23333791591839,0.89696497945452,-0.7124035954912,-0.0089405841702384,0.46156480436164
14.1,0.53253835008753,-0.00304146088542,-0.00013655820624978,0.0030255719500265,0.81255147557276,0.24729658959867,0.94154995870505,-0.74851766452681,-0.0099338429969411,0.48159595081724
14.2,0.5562206906913,-0.0031812581764753,-0.00013736716425532,0.0031113920422562,0.84954183197268,0.26038179187022,0.97445217108284,-0.78291573317015,-0.0093443698901563,0.49455568845547
14.3,0.57666271051528,-0.0033234555386029,-0.00011665123667239,0.0031669381646068,0.88694845222692,0.26865492962648,0.99606633957842,-0.81790354018813,-0.0052888161642742,0.50281937389535
14.4,0.59325781447696,-0.0034781189031947,-7.4967172385879e-05,0.003192238805415,0.93237217895172,0.26708134993559,1.0089952785445,-0.8560279027303,0.00182611633273,0.50628971812393
14.5,0.60556175140229,-0.0036317534123459,-2.9929271295007e-05,0.0031909530877278,0.98025960418907,0.26140135974774,1.0118817909906,-0.89394291031407,0.0092633258300017,0.50564838353988
14.6,0.61331070803621,-0.0037467433318705,1.6443147410457e-05,0.0031670380295693,1.0167560136175,0.25621607821181,1.0084173119796,-0.92232797308455,0.016935685018166,0.50141484160953
14.7,0.61638073115814,-0.0038038158507782,5.2463279939959e-05,0.0031285990017806,1.0329878616068,0.25246158669103,0.99904942681859,-0.93638966190869,0.022893949587122,0.4949555142758
14.8,0.61465971166081,-0.0038090269193005,6.2525884319551e-05,0.0030876968004784,1.0351985827575,0.25180754443702,0.9897094038508,-0.93768342542179,0.024574849345201,0.488081155541
14.9,0.60777634208658,-0.0037636338275868,5.7159470946356e-05,0.0030444571139329,1.0230541087685,0.25037876688109,0.97815114498161,-0.9265124305403,0.023583492276967,0.48094014751316
15,0.5950511662584,-0.0036659826146317,4.4560339802449e-05,0.0029805934548485,0.99421028845967,0.24765614957981,0.96065954927854,-0.90243820328153,0.021275869069856,0.47051630829392
15.1,0.57588344324049,-0.0035323354612335,3.4067759691237e-05,0.0028769367145118,0.95630281266409,0.24388372823662,0.92907375473561,-0.8695141906881,0.019281988968964,0.453916860876
15.2,0.55007570145592,-0.0033739737371806,3.5145630605806e-05,0.0027312935400879,0.91295306792504,0.23411896978719,0.88467352348355,-0.83052490503737,0.018926966880785,0.43064952383468
15.3,0.51776763081547,-0.0031968294106736,4.8240847757331e-05,0.0025506792310259,0.86589448142567,0.2170080797024,0.82736470909231,-0.78693263002733,0.020220043701248,0.40202020457282
15.4,0.47922934803235,-0.0029981519668595,6.8360965759264e-05,0.0023313276055262,0.81592716667062,0.19650545145285,0.75827281819517,-0.73808422950149,0.022516415072719,0.36721980507569
15.5,0.43504813364239,-0.0027586632590347,8.7210459802542e-05,0.0020827044200723,0.75317918911795,0.17372099744836,0.67862407502177,-0.6791624273231,0.024457138721244,0.32791999880722
15.6,0.38598361224737,-0.0024745703466422,0.00010004238377679,0.0018195678035652,0.67666177947062,0.15160142849066,0.59472952653689,-0.60923741955428,0.025400619965329,0.28627897227091
15.7,0.3327424310503,-0.0021490523934378,9.6831542721535e-05,0.0015505905233623,0.58934259435568,0.1291899173511,0.50807577575904,-0.52911909642322,0.023603931886618,0.24382289798171
15.8,0.27584754978843,-0.0017839591835217,7.9243597443576e-05,0.001277229166942,0.48868533891615,0.10754460283029,0.42035504418477,-0.43922265701112,0.019415465381857,0.20061551710079
15.9,0.21570007090291,-0.0013869391270458,5.8794742976063e-05,0.00099459844418691,0.37973045082312,0.085321615264712,0.32896403951252,-0.3414694638062,0.014718954071446,0.15604894187661
16,0.15267455403119,-0.00097215969560423,3.6345634959173e-05,0.00069467510859239,0.26419814048341,0.062847460704324,0.23230776446893,-0.2393210125453,0.0096626861149093,0.10868746731024
16.1,0.087657043332579,-0.00055615152405238,2.1600827162832e-05,0.0003903301907909,0.15090739122271,0.0370815405958,0.13108358990355,-0.13690593142172,0.0057313980159853,0.061033255182527
16.2,0.021819995246586,-0.00014506019260864,1.1488397958894e-05,9.4443487853472e-05,0.039724464188831,0.0085364383634046,0.031629810700269,-0.035714969374233,0.0024140026989249,0.01475706540022
16.3,-0.043663769377375,0.00026439856000675,-3.1343146803368e-06,-0.00020165512715462,0.070768681667791,0.020545597556185,0.067617327665972,0.06507196700488,-0.0016717582545615,-0.031515916633523
16.4,-0.10757385273388,0.00067642341175953,-2.3293936564406e-05,-0.00049007692840115,0.18261744937093,0.045384510083966,0.16431555341997,0.166499419168,-0.0064809532911627,-0.076654569581319
16.5,-0.16865917560481,0.0010884210895773,-4.6990756481713e-05,-0.00075796156516149,0.29788693081218,0.067297489955431,0.25424324689431,0.26797223533412,-0.011710377248323,-0.1184953617039
16.6,-0.22589762718925,0.0014776952117687,-7.6909011702434e-05,-0.0010025707919594,0.40560101647634,0.088855127213033,0.33644591392951,0.36382981639195,-0.017974962692275,-0.1567703406578
16.7,-0.27845876572742,0.0018330713503435,-0.00010996888781431,-0.0012210796470405,0.50300829986367,0.10738849885297,0.40996961873091,0.45132650567592,-0.024583588468944,-0.19087131016569
16.8,-0.32572006959268,0.0021549247821638,-0.00013296085919209,-0.0014218260879966,0.59247706687678,0.12550652526671,0.47762170217994,0.53058825018669,-0.029476277977446,-0.2222758267971
16.9,-0.36702082884773,0.0024303686873685,-0.00014840003701266,-0.0016056456784598,0.66900073121494,0.14078483867639,0.53905884027047,0.59841988223645,-0.032939939440156,-0.25099278184408
17,-0.4016195324125,0.0026492110496791,-0.00015695499366016,-0.0017645600441489,0.72809078373111,0.15420124884025,0.59252643850932,0.65228788903594,-0.035136244168106,-0.27587230948576
17.1,-0.42883987146147,0.0028137775205818,-0.00015780645763873,-0.0018905598526391,0.77218308609327,0.16735723522514,0.63449714395813,0.69279012484652,-0.036036047027234,-0.29555430900333
17.2,-0.44820825634549,0.002927964457948,-0.00015684205475803,-0.0019811429642071,0.80245320060827,0.17632710568135,0.66522605027599,0.72088918429371,-0.036377508410254,-0.30973233614105
17.3,-0.45939756505562,0.0029952050509765,-0.0001575170619872,-0.0020369795220398,0.82022138402208,0.1807378772761,0.68349449982492,0.73743399917633,-0.036744462070349,-0.31845982117125
17.4,-0.46216758760294,0.0030179797681975,-0.00015877050363671,-0.002049334774607,0.82737373673858,0.18172952755058,0.68789729279761,0.74305548978738,-0.037007525210159,-0.32041348307567
17.5,-0.45655611065313,0.0029887238050453,-0.00016252567143629,-0.0020169700818576,0.81986479482261,0.17839829257339,0.67693300455511,0.73585928061836,-0.037453610679166,-0.31531799142988
17.6,-0.44290975881409,0.0029080982143185,-0.00016588226486973,-0.0019501236393928,0.79773922013205,0.17252707452895,0.65483922479412,0.71600889380638,-0.037682865140312,-0.30487839678995
17.7,-0.42166163792937,0.0027783026277379,-0.00016375218397022,-0.0018511239234585,0.76353387687443,0.16296897381221,0.62134085365179,0.68407169370279,-0.036783936859833,-0.28938489061108
17.8,-0.39334578837486,0.0025962249634053,-0.00015373470659146,-0.0017250194561215,0.71353442041642,0.15159543925569,0.57943803897172,0.63924187366379,-0.034448177839097,-0.26966833167195
17.9,-0.35853503244896,0.0023634965252815,-0.00013925005550094,-0.0015755791600567,0.64969815245866,0.13835319589462,0.528714129641,0.58194089379382,-0.031266913908264,-0.24632198511931
18,-0.31782862918713,0.0020867931022305,-0.0001188167110512,-0.0013990690325474,0.5725970595511,0.12365030976356,0.46993727290723,0.51379583411203,-0.026994098684145,-0.21871532396713
18.1,-0.27196733116177,0.0017774909916478,-9.5069761507524e-05,-0.00120243661223,0.48711744787143,0.10688408935848,0.40342743965013,0.4376323911424,-0.022053467994783,-0.18799099740633
18.2,-0.22172717772514,0.0014432844164611,-7.4192248433071e-05,-0.00098535280738041,0.39545729841904,0.087600081525766,0.33085524952865,0.35534701498833,-0.01744421020723,-0.15405250005266
18.3,-0.16795141052419,0.0010904211070857,-5.3505928765627e-05,-0.00074848324973081,0.29805532572431,0.066559713463845,0.25096708793234,0.2684589775448,-0.012773663726972,-0.11703103299667
18.4,-0.11163598932823,0.00072632564861676,-3.6674455370824e-05,-0.000495776966998,0.19920862028504,0.04424078369383,0.166564030214,0.17882942349494,-0.0086747391796111,-0.077505789103188
18.5,-0.053887773611939,0.00035392954920394,-2.064771578337e-05,-0.00023673618367427,0.096863170241042,0.021130294106977,0.079336698592496,0.087138449626996,-0.0046738480671003,-0.037014199984119
18.6,0.004182634274363,-2.0305469299771e-05,-3.677756363406e-06,2.3176882403199e-05,0.0050512151737971,0.0031269512412683,0.0075968076697236,-0.0049914243501751,-0.00046326941814634,0.0036341027484786
18.7,0.061496315016166,-0.0003923038594067,1.5990959635527e-05,0.00027717860062412,0.10662955501839,0.02500169924758,0.093093855583888,-0.096575156895019,0.0041017363722403,0.043335003862627
18.8,0.11703306799425,-0.0007596802748598,3.7478677639361e-05,0.00052113130600701,0.20790646735995,0.046680565935992,0.1747701412511,-0.18703514931456,0.0089515928801663,0.081482959738536
18.9,0.16985664412874,-0.0011117395043025,6.0041382126249e-05,0.00075096609460797,0.30494404275709,0.066472828585517,0.2521717488997,-0.27372322625785,0.013867501564348,0.11739974332567
19,0.2191099119492,-0.0014405710183798,8.2901873351679e-05,0.00096445486497964,0.39549432594769,0.084829626041344,0.32367715318016,-0.35469048812841,0.018752953572177,0.15078511935308
19.1,0.26402792196346,-0.0017396338303364,0.00010219697423444,0.0011591265532181,0.47796641224309,0.10228141958897,0.38928888066917,-0.42832997039515,0.022989376776101,0.18119833074245
19.2,0.30391463628967,-0.0020019368294827,0.0001170579366472,0.0013347388665386,0.54997588190394,0.11747006740738,0.44803781307522,-0.49291262566001,0.026346985778535,0.20867069810574
19.3,0.33812302517243,-0.0022237385339998,0.00012817536919735,0.0014874185709931,0.61057564725398,0.13114538138491,0.49947714008628,-0.54751961847559,0.028996123347576,0.23252203485348
19.4,0.36605971342316,-0.0024021773130453,0.00013469136757576,0.0016144540086825,0.65938285516857,0.14253167033385,0.54183688638828,-0.59145084520758,0.030735424920959,0.25241132540128
19.5,0.38723680337498,-0.0025361082091717,0.00013925894692196,0.0017094246608371,0.69546714939908,0.15136459612493,0.57393739904931,-0.62441698470992,0.032007693694839,0.26723465140112
19.6,0.40132785834603,-0.002625815296711,0.00014315812077928,0.0017740667394188,0.7201151011439,0.15715440718395,0.5954142906587,-0.64650406656975,0.032989421634276,0.27736555759304
19.7,0.40812026493586,-0.002671253762708,0.000145594695655,0.001803409396944,0.73241475470892,0.15969507554035,0.60538162665631,-0.65768953859403,0.033545909487766,0.28193767256916
19.8,0.4075794121757,-0.0026711963050233,0.00014787833343909,0.001798790809528,0.73294564435198,0.15905129637874,0.6038283250203,-0.65768315522065,0.033890143451567,0.28121994580761
19.9,0.39983736080895,-0.0026244468053884,0.0001476667044448,0.0017625704680737,0.72020700361504,0.15569042838339,0.59167510223925,-0.64617437068522,0.033667352970766,0.27555314156755
20,0.38513267979097,-0.0025311480519283,0.00014503845776037,0.0016948042790052,0.69492309467626,0.14952510260436,0.56899816993334,-0.62320759273513,0.032871464553243,0.26495542256268
20.1,0.36385212856313,-0.002392949170936,0.0001373505671034,0.0016006815053937,0.6571078076565,0.1411584467823,0.53740626573886,-0.58918272505545,0.031107479877581,0.25023729123613
20.2,0.33643328276662,-0.0022115548134036,0.00012668867191242,0.0014809742598488,0.60723344002251,0.1306384099214,0.49714860242777,-0.54451978937581,0.028714106081905,0.23153178277
20.3,0.30340031080143,-0.0019914985157368,0.00011227907447594,0.001336910271668,0.54656335050858,0.11797979299287,0.44886707919418,-0.49033438315109,0.025576936415183,0.20900042009116
20.4,0.2653647003537,-0.0017386247722951,9.5763989344196e-05,0.0011716938961861,0.47690874068117,0.10376282573868,0.39324314494359,-0.428070149112,0.021988958473744,0.18318642224317
20.5,0.22301164613266,-0.0014584605842052,7.9133418360925e-05,0.00098580867712333,0.39991265414953,0.087357913896377,0.33097640357953,-0.35908754940368,0.018266742059797,0.15411463880711
20.6,0.17711825864713,-0.0011574135035951,6.1890810010588e-05,0.00078408376428011,0.31715533807452,0.069456654925533,0.26310514997896,-0.28496441235255,0.014345161401258,0.12258870802011
20.7,0.12852391823435,-0.00084071506532716,4.5503343174665e-05,0.00056824718621518,0.23065048191999,0.050432074743232,0.1907889773475,-0.20699401459387,0.010516819730224,0.088838223121014
20.8,0.078141484733743,-0.00051287945024371,2.885742198744e-05,0.00034434560825172,0.14065395476476,0.030352027662336,0.11556972144522,-0.12627702940947,0.0065715046058813,0.053831379440514
20.9,0.02691040236616,-0.00017919494851405,1.1888198416956e-05,0.0001169361472147,0.049419954602133,0.010221297864722,0.039288427018271,-0.044123290865685,0.0025808942417492,0.018284479283704
21,-0.024235193874824,0.00015480171054033,-6.2840672710866e-06,-0.00010944873000262,0.04217983504647,0.0098523556548656,0.036701304248131,0.038109244085379,-0.0016166046952994,-0.017122208934884
21.1,-0.074381278943629,0.00048481200306355,-2.5115939721951e-05,-0.00032989827396017,0.1327502386438,0.029468311264689,0.11074279915873,0.11936345313699,-0.005893548951723,-0.051566439660336
21.2,-0.12266811486984,0.00080338798539639,-4.4205844165938e-05,-0.00054171871986571,0.22043921700008,0.047791751434681,0.18180870171223,0.1978040632651,-0.010146801573012,-0.084704703723465
21.3,-0.1682842199557,0.0011052403122891,-6.2573875482453e-05,-0.000741229718384,0.30325054903629,0.065584178476705,0.24888902437834,0.27212477931391,-0.014242376492649,-0.11586383956994
21.4,-0.21047610567039,0.00138376368063,-7.9454035688544e-05,-0.00092644532519451,0.38012778138464,0.081538101352279,0.31095661764626,0.34070676640834,-0.017988336547777,-0.14485422845773
21.5,-0.24855037714434,0.0016337605973795,-9.3314478021381e-05,-0.0010935667556894,0.44837134145319,0.096637501867392,0.3672233480352,0.40225467359696,-0.021173501623883,-0.17093936368791
21.6,-0.2818866047078,0.0018515860366265,-0.00010530491392721,-0.0012418222376969,0.50843393339183,0.10947436324366,0.41679872400782,0.45589006829049,-0.023920716923772,-0.19416372323465
21.7,-0.3099241167412,0.0020334367912338,-0.00011393659639739,-0.0013661564868673,0.55791557558236,0.12081120052478,0.45871288893989,0.50065808422857,-0.026013251813111,-0.21355508830566
21.8,-0.3322071303833,0.0021779164678949,-0.00012101835923613,-0.0014659717676152,0.59754089749638,0.12953435380451,0.49201426976255,0.53623071096576,-0.027701396940894,-0.22921048920405
21.9,-0.34838152906158,0.0022828917333545,-0.00012631604584885,-0.0015375812201427,0.62634258597366,0.13607350433537,0.51623631698126,0.56207654898323,-0.028961319297735,-0.2403563424188
22,-0.35821630863561,0.0023475256033042,-0.00012988588279733,-0.0015811752227148,0.64380733485781,0.13982409368355,0.53067748161701,0.5779869152501,-0.029776329347507,-0.24722231694916
22.1,-0.36160785515989,0.0023712096674248,-0.00013221220263238,-0.0015949255853361,0.65083242063174,0.14099021485463,0.535505389341,0.58382514490759,-0.030231739736369,-0.2493196366699
22.2,-0.35857797829423,0.0023528778707337,-0.00013191466700912,-0.0015810888262751,0.64547146804775,0.13972811877116,0.530666358135,0.57930779397968,-0.030111914695834,-0.24720659239941
22.3,-0.34926018741269,0.002293068375469,-0.00012975534261911,-0.0015385468615736,0.62956293822421,0.1357774069406,0.51660003541609,0.56458816096467,-0.029522709149953,-0.24050475724186
22.4,-0.33390144080193,0.0021929216994042,-0.00012409502737299,-0.0014710887613329,0.60180759800621,0.12995975058981,0.49377026222629,0.53992792334025,-0.028242188800384,-0.23000506312606
22.5,-0.3128354511043,0.0020539655700116,-0.00011623386175586,-0.0013780546310355,0.56385418783852,0.12161792956705,0.4626995565615,0.50571641766607,-0.026446265231457,-0.21541849244651
22.6,-0.28648644601399,0.0018800914583435,-0.00010558512246881,-0.0012630817481643,0.51589750013812,0.11159956524197,0.42395542369715,0.46290392990539,-0.024086893971914,-0.19748204720986
22.7,-0.25536006722712,0.0016743601691664,-9.3268154824314e-05,-0.0011263427283108,0.45944291380806,0.099584482747273,0.37814982987703,0.41224896225861,-0.021335525461233,-0.17607493251457
22.8,-0.22003862460473,0.0014418816129744,-7.9687025841612e-05,-0.00097138042040028,0.3955111385398,0.085911449851662,0.3260417159874,0.35500868856153,-0.018273327174164,-0.1518738037054
22.9,-0.18118512438752,0.0011868087972771,-6.5433547979944e-05,-0.00079989004662141,0.32554112390049,0.070782810746128,0.26853291416812,0.2922057603994,-0.015021565822478,-0.12504552047365
23,-0.13951644943461,0.00091429442281034,-5.0476336083833e-05,-0.00061598543339721,0.25081953294819,0.05451086841395,0.20675437410606,0.22511078943353,-0.011578877832027,-0.096306239376204
23.1,-0.095809303705855,0.00062858995669675,-3.5330072844531e-05,-0.00042221297672488,0.17249276547624,0.037245901571973,0.1417533373071,0.15476694997389,-0.0080568740530663,-0.066005709123339
23.2,-0.050865396701849,0.00033476157555257,-1.9346611616561e-05,-0.00022382247284619,0.091941976868911,0.019807936735466,0.07513737636438,0.082424172107978,-0.0043744622480486,-0.034988374930763
23.3,-0.0055006958619229,3.7658916412741e-05,-3.1231187946145e-06,-2.3114774450159e-05,0.01045996490679,0.0018919055895633,0.007771777250716,0.0092738440876486,-0.00063350566629656,-0.0036193205413754
23.4,0.039476869091795,-0.00025772310385701,1.3666590986267e-05,0.00017480995018942,0.070628547277775,0.015408535202929,0.05865014376114,-0.063453422515263,0.0031758260062047,0.027341978387365
23.5,0.08327877102937,-0.0005457476231655,3.0231796250237e-05,0.00036748088627154,0.14971889914427,0.032608907676427,0.1233978492345,-0.1343697335426,0.0069301979873593,0.05743402609089
23.6,0.12516070575946,-0.00082159388761375,4.6242960289192e-05,0.00055173323013252,0.22546717071307,0.048639396940642,0.18516914868971,-0.2022876696488,0.010540338847818,0.086276968714724
23.7,0.1644024560616,-0.0010796169202612,6.1251454230372e-05,0.00072405064540884,0.29639408995058,0.063990434227576,0.24312058250347,-0.26581794034501,0.013925956248995,0.11316943479214
23.8,0.20035858945803,-0.0013157655329645,7.4383822017451e-05,0.00088276096080433,0.3610791633632,0.077883777737517,0.29631045619359,-0.32395953993654,0.016932741379141,0.13803421241285
23.9,0.2324174041489,-0.0015256422999107,8.611767402136e-05,0.0010241508881877,0.4188325514466,0.090487275116052,0.34383526214861,-0.37563589597866,0.019609989151456,0.1600814643262
24,0.26005945408849,-0.0017062456391211,9.5609718132136e-05,0.0011465926321728,0.46809853583892,0.10129236891783,0.38490728640152,-0.42009906134369,0.021831312612016,0.17928494888932
24.1,0.28282662181565,-0.0018549015936558,0.00010354467368445,0.0012474668381017,0.50908270579034,0.11025512704925,0.41874535644478,-0.45670237416975,0.023661371621068,0.19499214757412
24.2,0.30036567620344,-0.0019695369153208,0.00010974465679247,0.0013249372041266,0.54029393549448,0.11716362947452,0.4448110452794,-0.48492408752611,0.025109601890042,0.20717032155317
24.3,0.31241422759018,-0.0020485822959875,0.000114085117359,0.0013782186431013,0.56213615072577,0.1217794898863,0.46259782798539,-0.50438776509489,0.026087259411166,0.21543046471742
24.4,0.31881965066908,-0.0020911726607776,0.00011693542387665,0.0014059533660569,0.57378400659472,0.12433094081613,0.47204069516573,-0.5148740484047,0.026725584681442,0.21983955593833
24.5,0.31953161395977,-0.0020963913440908,0.00011743506917865,0.0014088816924212,0.57528578161146,0.12442084076467,0.47288280117385,-0.51615949910203,0.026800742645561,0.22021869378989
24.6,0.3146041733978,-0.0020646667254342,0.00011616677634908,0.0013866882882475,0.56663474275348,0.12254002741762,0.46559040305449,-0.5083497073147,0.026493779368439,0.21683216581995
24.7,0.30418590920228,-0.0019965155660327,0.00011235233978191,0.001340682480882,0.54791928132379,0.11840158827255,0.44999551560223,-0.49156942085182,0.025605735025073,0.20955039222969
24.8,0.28852130986382,-0.0018934936707662,0.00010649960274469,0.0012717508813062,0.51967522896714,0.1123331174135,0.42699939248929,-0.4662047289688,0.024287405181662,0.19886912284613
24.9,0.2679349570215,-0.0017580548086973,9.8663130947008e-05,0.001181187055735,0.4824098793279,0.10438808923465,0.39645936667809,-0.4328561755603,0.022510437151908,0.18461028221542
25,0.24283924089138,-0.0015927923668943,8.8973652498809e-05,0.001071038160164,0.43711603636482,0.09461811990528,0.3595981127777,-0.39216736022479,0.020333346323239,0.16749660330064
25.1,0.21371314943403,-0.0014014288529069,7.8154691362977e-05,0.00094258622600709,0.38444043099561,0.083369848035925,0.31636948883057,-0.34504854473845,0.017870995669078,0.14730430159655
25.2,0.1811143051409,-0.0011874884810782,6.6047075652101e-05,0.00079916653591056,0.32589907253424,0.07061088244347,0.26831546644444,-0.29237616225207,0.015114083670965,0.12499729835022
25.3,0.14564759163937,-0.00095508335827012,5.3267293949306e-05,0.00064231715264894,0.26195895970385,0.0568208348191,0.21558207967258,-0.23515232543236,0.012181301947167,0.10035854448239
25.4,0.10797699697585,-0.00070840166868308,3.9658239106636e-05,0.00047621623110536,0.194476785412,0.042044625393453,0.15989978002567,-0.17441928131535,0.0090538090732503,0.074509564943457
25.5,0.068789800906065,-0.0004516909576622,2.5593083185735e-05,0.00030295971817114,0.12392539503759,0.026778098676636,0.10167704035275,-0.1112118722346,0.0058247987398577,0.047303244162085
25.6,0.028799602796246,-0.00018953243551353,1.0928148657676e-05,0.00012670540562905,0.052074677111577,0.011141408541914,0.042561908792391,-0.046666533088157,0.0024671122200419,0.019868317382373
25.7,-0.011280029409362,7.3459682014086e-05,-3.7025169668895e-06,-5.0183700170032e-05,0.020099649667057,0.004446516040512,0.016854066493164,0.018086075523879,-0.00087122652930389,-0.0079061172054895
25.8,-0.050741099066693,0.00033269281295769,-1.8623539106651e-05,-0.00022369788401953,0.091326572942784,0.019789579031635,0.075102046281127,0.08191366651436,-0.0042591566055973,-0.034912177836127
25.9,-0.088899878009671,0.00058334454495872,-3.2609315380243e-05,-0.00039212065940865,0.16002113841303,0.034636372757416,0.13161029431015,0.14362664320015,-0.0074434216874845,-0.06136205150255
26,-0.12509654804689,0.0008211374060958,-4.6449473026714e-05,-0.00055102797540687,0.22543471435376,0.048671760971116,0.18502293117165,0.20217629835405,-0.010578844085503,-0.0860869619753
26.1,-0.15872162179343,0.0010417925866588,-5.8475421837497e-05,-0.00069985422816084,0.28585223984722,0.06180566065333,0.23489173857444,0.25650310443052,-0.013332973046699,-0.10946833896765
26.2,-0.18920163292035,0.0012416017768721,-6.9958815401081e-05,-0.00083367402683388,0.34079369325777,0.073667406689207,0.27992240363793,0.30569993025441,-0.015951996900872,-0.13028011192958
26.3,-0.21603772841018,0.0014174065662836,-7.9291466624326e-05,-0.00095284226946826,0.38891809333504,0.084159824445744,0.3198107335674,0.34898415763795,-0.018100433128755,-0.14901239948192
26.4,-0.23878339220747,0.001566287203027,-8.7725724218096e-05,-0.0010526963383227,0.42981595330786,0.093072845835212,0.35343609495479,0.38564074688989,-0.020041923263266,-0.16453118832048
26.5,-0.25708334155398,0.0016862443803251,-9.4139694890423e-05,-0.001134038170109,0.46268716324404,0.10018810178741,0.38064998087051,0.41517551541075,-0.021505978779867,-0.17732887077087
26.6,-0.27065417502054,0.0017751975510039,-9.9259379917943e-05,-0.0011934025091283,0.48710395331192,0.10550062019425,0.40064696341155,0.43707675015159,-0.022687031399421,-0.18654159539432
26.7,-0.27930918301828,0.0018322580343862,-0.00010249833499587,-0.0012318452298248,0.50278594161852,0.10885654112078,0.41351102471735,0.45112640797959,-0.02340332956636,-0.19260556558432
26.8,-0.28294646198513,0.0018562744821733,-0.00010401967435975,-0.0012473925572021,0.50938458620963,0.11019632747742,0.41874720122599,0.45703953676409,-0.0237536934722,-0.19499665747374
26.9,-0.28155749149364,0.0018474527129735,-0.00010367159374197,-0.0012414151968194,0.50697647844421,0.10973632564582,0.41675585214682,0.45486775884654,-0.023650992429411,-0.19408585516313
27,-0.27522023488547,0.0018059213225008,-0.00010136077532625,-0.0012131997740441,0.49561566558351,0.10710240590674,0.40724211667291,0.44464273530701,-0.023130369953858,-0.18966692552317
27.1,-0.26409783010164,0.0017328811044285,-9.7281041240091e-05,-0.0011643476990884,0.47551067230098,0.10297126777282,0.39091361598856,0.4266582061543,-0.022193220202297,-0.18202093635083
27.2,-0.24843635681755,0.0016299919902274,-9.1325801391252e-05,-0.0010953445657984,0.44733688303802,0.096672651615802,0.36764909337074,0.40132667094316,-0.020850362364745,-0.17125870079924
27.3,-0.22855393001934,0.0014992795181814,-8.3989885470594e-05,-0.0010077871403527,0.41137784716252,0.089168942129131,0.338376824952,0.36914181300064,-0.019175836117553,-0.15752872321767
27.4,-0.20484694240214,0.0013436816022224,-7.5019331667717e-05,-0.0009034362307768,0.368720762443,0.079738883527606,0.30320594896584,0.33083262144216,-0.017146655302866,-0.1412726830733
27.5,-0.17776616096628,0.001165936034061,-6.527237293721e-05,-0.00078390560293082,0.31993377633372,0.069376708986888,0.26322855126663,0.28706850553666,-0.014906123235019,-0.12251290246113
27.6,-0.14783020458381,0.00096967766662072,-5.4067840621029e-05,-0.00065201056017247,0.26604281991861,0.057544549598467,0.21880245242149,0.23874727580191,-0.012363270206007,-0.10197994120383
27.7,-0.11559121869177,0.00075833292853088,-4.2634037060354e-05,-0.00050958817966259,0.20815373202858,0.045091083840029,0.17113665097585,0.18671212449262,-0.0097221643276942,-0.079613694179382
27.8,-0.081649786848912,0.00053581109497255,-2.9961655936011e-05,-0.00035999538158422,0.14697402580728,0.031757166254358,0.12078947164399,0.13192345515173,-0.0068454316001982,-0.056339472794532
27.9,-0.04661745963964,0.00030606537241977,-1.7419714323433e-05,-0.000205332900412,0.084076765005133,0.01816143549735,0.068982923493869,0.075358198022325,-0.0039551040585993,-0.032035997097787
28,-0.011129808673078,7.3240052768059e-05,-4.1307362372587e-06,-4.900503425218e-05,0.020054309037926,0.0043008709951674,0.016412892211004,0.018032548700648,-0.00094272048466831,-0.0077309882272646
28.1,0.024188413603457,-0.0001586273135395,8.7623934345767e-06,0.00010676463652881,0.043480211588618,0.0094267653241062,0.035811488925919,-0.039055956284463,0.0020117897925439,0.016765891258787
28.2,0.058712406010153,-0.00038518803279068,2.1642981704643e-05,0.0002587937888568,0.10572741097634,0.022877176856667,0.086894303872463,-0.094838334245556,0.004934841758707,0.040379697220508
28.3,0.091847659447027,-0.00060278142998863,3.3861531352941e-05,0.00040492929872299,0.16541537043754,0.035756708155294,0.13592761789582,-0.14841341134572,0.0077248877576571,0.063388208648215
28.4,0.12302075345699,-0.00080722361699924,4.5335174606373e-05,0.00054224323304384,0.22152494460491,0.047923847102128,0.18203002177869,-0.1987489677549,0.010341722242847,0.084684988024929
28.5,0.15170680264589,-0.00099546154575767,5.5865714401964e-05,0.00066889663976313,0.2731842632289,0.0590761918299,0.22455628577899,-0.24509663917728,0.012746538018991,0.10466323448623
28.6,0.17742028047357,-0.0011639635691485,6.5221079208527e-05,0.00078217159323216,0.31940274564361,0.069132895441078,0.26255907137788,-0.28658294135243,0.014890909975464,0.12218793161073
28.7,0.19974219077786,-0.0013103571723653,7.3354137223949e-05,0.00088087435294205,0.35957369918698,0.077829939734203,0.29572560765335,-0.32262775396592,0.016749763192208,0.13780900031124
28.8,0.21830715616626,-0.0014320341423262,8.0141642979445e-05,0.00096253038701296,0.39296024154679,0.08505883682153,0.32309373541207,-0.35258552094369,0.018305307640747,0.15037987400257
28.9,0.23283198671365,-0.0015273618122996,8.5454938631312e-05,0.0010268395644892,0.41910489749381,0.090759985771553,0.3447350217581,-0.37605684264892,0.019516623158055,0.16063232341002
29,0.24309598086704,-0.0015947411974964,8.9307802866818e-05,0.001071785847042,0.43762740871067,0.094677732347144,0.35976070683506,-0.3926465505306,0.020394126465874,0.16745802893823
29.1,0.24896914463816,-0.0016333849547198,9.1492228364699e-05,0.0010978689431352,0.44819917514627,0.097057510526215,0.36859109188866,-0.40216104518977,0.020887484264449,0.17173779210076
29.2,0.25038854397561,-0.0016427768639735,9.21156275468e-05,0.0011038588604812,0.45083366655813,0.097477755471362,0.37052031788227,-0.4044740668441,0.021026880740578,0.17247203220207
29.3,0.2473808231446,-0.0016230741736162,9.098125505352e-05,0.0010907602456053,0.4453714135778,0.096439123564001,0.36621064355737,-0.39962227916062,0.020764679206634,0.17062547653809
29.4,0.24004092820411,-0.0015749144549274,8.8337727104937e-05,0.0010582399025335,0.43221553769736,0.093438803209415,0.35520713668249,-0.38776564472655,0.020164254622558,0.16534172776288
29.5,0.22854624148268,-0.0014994029225436,8.3965263249463e-05,0.0010077873565798,0.41142924719248,0.089111125173003,0.33834842152226,-0.36917252771351,0.019167206837633,0.15765166880189
29.6,0.21313796770344,-0.0013982783882837,7.8390783571579e-05,0.00093967027121268,0.38372529381494,0.082978942586445,0.31541655041507,-0.34427536517308,0.017899978822345,0.1468079933863
29.7,0.19413161173567,-0.00127347443028,7.1172693755249e-05,0.00085619529446838,0.34943336046882,0.075706907113134,0.28743955553042,-0.31354576712532,0.016253590519081,0.13394875489491
29.8,0.17189373326911,-0.0011276421676665,6.3238334719758e-05,0.00075778613778535,0.30943839745598,0.06693321182565,0.25437841978416,-0.27764096917947,0.014443305597118,0.11837777056548
29.9,0.14685625022784,-0.00096333529071209,5.3773992546424e-05,0.00064779312079375,0.26434771387365,0.057263712705505,0.21746095570998,-0.23718549776726,0.012279672560585,0.1013617536612
30,0.11948263015776,-0.00078391693433523,4.4069404044337e-05,0.00052658826685033,0.2151035286615,0.046525906776252,0.17678113345219,-0.19301119795445,0.010063427579445,0.0822409335942
30.1,0.090288539351143,-0.00059233590787709,3.3068020751191e-05,0.00039830629525275,0.16257288416362,0.035187276349622,0.13370223722702,-0.14584081386919,0.0075438765745591,0.062348219049069
30.2,0.059800018461939,-0.00039247234855253,2.2176480324817e-05,0.00026339205430185,0.10766981064705,0.023280587925765,0.088428354185963,-0.09663219546913,0.0050639056502766,0.04110521871948
30.3,0.028576258609814,-0.00018749372346152,1.0446749966172e-05,0.00012614459847812,0.051505223824921,0.01113074662531,0.042345470943454,-0.046163528857314,0.0023742979987349,0.019786327916827
30.4,-0.0028317046636774,1.8476899729607e-05,-9.3478549296127e-07,-1.2673100407467e-05,0.0051260417473647,0.0011160142367014,0.0042665542879897,0.0045493035674852,-0.00020648612160837,-0.0020390381597297
30.5,-0.033862548363851,0.0002222330491523,-1.250400699125e-05,-0.00014916985411329,0.060919374733181,0.013176660344577,0.050062971334455,0.054716596675728,-0.0028642147493896,-0.023271127232939
30.6,-0.063978342127905,0.00041973262873819,-2.3539054722434e-05,-0.00028214755944849,0.11525316874724,0.024943638497981,0.094740098586407,0.10334406842713,-0.0053600215091151,-0.044150659080475
30.7,-0.092654152407835,0.0006079968066053,-3.4095675441158e-05,-0.00040842768367663,0.1667797909626,0.036058216033344,0.13707651928638,0.1496968144711,-0.0077926733480288,-0.063820067228991
30.8,-0.1194018218276,0.00078333091257438,-4.3952150137666e-05,-0.00052646198920355,0.21502498660832,0.046555164683513,0.17677318152236,0.19286681062947,-0.010019893698771,-0.082327774884259
30.9,-0.14376763167,0.00094326828613284,-5.2801228436321e-05,-0.00063389186635792,0.25878439108379,0.055965413025248,0.21274817913434,0.23224508728697,-0.012066543006138,-0.099086623245477
31,-0.16534682266192,0.0010846701378884,-6.0814243893674e-05,-0.00072905251135834,0.29770353872888,0.064474660048962,0.24479404455193,0.26706048085158,-0.013873621592115,-0.11398170812189
31.1,-0.18378693930602,0.0012057290057563,-6.7425119898466e-05,-0.00081042888869799,0.33080374074574,0.071560961435411,0.27200119750718,0.29686623556681,-0.015408930701503,-0.12670406616091
31.2,-0.19879460866851,0.0013041012092363,-7.3125722049998e-05,-0.00087651838778011,0.35791748827423,0.077509910646068,0.2943038081577,0.32108751018911,-0.016685449504124,-0.13701791172311
31.3,-0.21014130730804,0.0013786158958064,-7.7087201297199e-05,-0.00092664379446712,0.37824450768832,0.08182859609273,0.31101118716055,0.33943307246173,-0.017614152415212,-0.14489042161073
31.4,-0.21766398375778,0.0014280000544204,-8.0143933894533e-05,-0.00095965045908207,0.3919225672037,0.08485126106187,0.32221209395434,0.35159337798555,-0.018284554724743,-0.14999699575448
31.5,-0.221271212627,0.0014516615196424,-8.1190359242546e-05,-0.00097570231237581,0.39830179004758,0.086160408274802,0.327482420684,0.3574178156078,-0.018547321308458,-0.15257694929812
31.6,-0.22093834760471,0.0014495695858697,-8.1406121527942e-05,-0.00097402816870033,0.39782548842362,0.086120304298108,0.32703476267029,0.3569041193616,-0.018571619623192,-0.1522283117829
31.7,-0.21671423957107,0.0014217405312394,-7.9507716762088e-05,-0.00095563292076463,0.3901261396572,0.084382704554142,0.32075204365217,0.35005110423854,-0.018160498152573,-0.14945510206775
31.8,-0.20871081173136,0.001369337222585,-7.6884580532793e-05,-0.00092011425442893,0.37575761131154,0.081365071983012,0.30892624439813,0.33714936792667,-0.017544628390079,-0.14378469912677
31.9,-0.19711084273322,0.0012930602731829,-7.2282171650424e-05,-0.00086924770268187,0.35486853872126,0.076743790422339,0.29176437248402,0.31836882097964,-0.016508735368208,-0.13596408547213
32,-0.18215258986299,0.0011950542203041,-6.7056584304171e-05,-0.00080304170957703,0.32786570060578,0.071031377753416,0.26961054023699,0.29423784244216,-0.015308978310873,-0.12546892384103
